"id","question","answer","layer","merchant_id","product_id","doc_type","category","source"
"PLAT-001","7天无理由退货是什么意思","7天无理由退货是指消费者自收到商品之日起7天内,在商品完好前提下,无需说明理由即可退货的保障政策。","platform","ALL","ALL","faq","退货","平台政策v1.0"
"PLAT-002","哪些商品不支持7天无理由退货","以下商品不支持7天无理由退货:已激活或已绑定账户的商品、已拆封或原包装缺失或防拆标撕毁的商品、定制类商品(如机身刻字,已开始生产的)。","platform","ALL","ALL","faq","退货","平台政策v1.0"
"PLAT-003","7天无理由退货的时间怎么计算","7天从签收次日零时开始计算,至第7天24时止。例如周一签收,下周一24时前均可申请退货。","platform","ALL","ALL","faq","退货","平台政策v1.0"
"PLAT-004","退货商品需要保持什么状态","退货商品需保持完好状态,包括商品本体、配件、说明书、保修卡、原包装等齐全,且不影响二次销售。已使用、已损坏或包装严重破损的商品将影响退款。","platform","ALL","ALL","policy","退货","平台政策v1.0"
"PLAT-005","退货流程是怎样的","退货流程为:1.在订单页面申请退货;2.商家审核通过;3.填写物流单号寄回商品;4.商家确认收货;5.平台退款至原支付账户,通常1-3个工作日到账。","platform","ALL","ALL","sop","退货","平台政策v1.0"
"PLAT-006","退货审核需要多长时间","商家需在收到退货申请后48小时内完成审核。超时未审核系统将自动通过申请。","platform","ALL","ALL","policy","退货","平台政策v1.0"
"PLAT-007","退款多久到账","退款将在商家确认收到退货商品后1-3个工作日内原路退回至支付账户。银行卡支付可能需要额外1-2个工作日。","platform","ALL","ALL","faq","退货","平台政策v1.0"
"PLAT-008","商品质量问题如何退货","商品存在质量问题,可在签收后15天内申请退货退款,运费由商家承担。需上传商品问题照片作为凭证。","platform","ALL","ALL","sop","退货","平台政策v1.0"
"PLAT-009","收到商品与描述不符怎么办","若收到的商品与描述不符,可在签收后7天内申请退货,运费由商家承担。建议收到商品后第一时间拍照留存证据。","platform","ALL","ALL","sop","退货","平台政策v1.0"
"PLAT-010","退货后商家不退款怎么办","若商家拒绝退款或超时未处理,可申请平台介入。平台将在3个工作日内完成审核并强制退款。","platform","ALL","ALL","sop","退货","平台政策v1.0"
"PLAT-011","退货运费由谁承担","7天无理由退货的运费由消费者承担;因质量问题或商品与描述不符的退货,运费由商家承担。","platform","ALL","ALL","policy","运费","平台政策v1.0"
"PLAT-012","包邮商品的退货运费怎么算","包邮商品退货时,原发货运费不退还。若属于7天无理由退货,消费者需承担寄回运费;质量问题退货由商家承担寄回运费。","platform","ALL","ALL","faq","运费","平台政策v1.0"
"PLAT-013","运费险怎么理赔","平台赠送运费险的订单,退货完成后系统自动理赔至买家账户。理赔金额根据地区和重量计算,通常8-25元不等。","platform","ALL","ALL","faq","运费","平台政策v1.0"
"PLAT-014","退货运费上限是多少","平台不设退货运费上限,但运费险理赔有上限(通常25元)。超出部分由责任方承担。","platform","ALL","ALL","policy","运费","平台政策v1.0"
"PLAT-015","换货需要付运费吗","因质量问题换货,来回运费均由商家承担;非质量问题换货,买家承担来回运费。","platform","ALL","ALL","faq","运费","平台政策v1.0"
"PLAT-016","偏远地区运费怎么算","偏远地区(新疆/西藏/青海/内蒙古部分区域)的运费由商家根据实际物流报价收取,下单前请与商家确认运费。","platform","ALL","ALL","policy","运费","平台政策v1.0"
"PLAT-018","运费险理赔失败怎么办","若运费险理赔失败,可联系平台客服申诉。需提供退货物流单号和运费支付凭证。","platform","ALL","ALL","sop","运费","平台政策v1.0"
"PLAT-019","如何申请开发票","下单时可在订单页面勾选需要发票并填写抬头信息,或下单后30天内联系商家补开发票。","platform","ALL","ALL","sop","发票","平台政策v1.0"
"PLAT-020","电子发票和纸质发票有区别吗","电子发票与纸质发票具有同等法律效力。电子发票将通过短信或邮件发送,推荐使用电子发票,快捷环保。","platform","ALL","ALL","faq","发票","平台政策v1.0"
"PLAT-021","增值税专用发票怎么开","企业用户可申请开具增值税专用发票。需提供企业名称、税号、注册地址、电话、开户行及账号。专票开具周期通常为5-10个工作日。","platform","ALL","ALL","sop","发票","平台政策v1.0"
"PLAT-022","发票抬头写错了怎么办","若发票抬头错误,可在开票后30天内联系商家申请重开。重开需将原发票退回(电子发票作废)。","platform","ALL","ALL","sop","发票","平台政策v1.0"
"PLAT-023","个人能开公司发票吗","可以。下单时选择公司抬头并填写公司信息即可。个人订单开具公司发票不影响保修。","platform","ALL","ALL","faq","发票","平台政策v1.0"
"PLAT-024","商品保修期从什么时候开始算","商品保修期自签收次日开始计算。需保留购物凭证或电子订单作为保修依据。","platform","ALL","ALL","policy","保修","平台政策v1.0"
"PLAT-025","全国联保是什么意思","全国联保指商品在品牌授权的全国售后网点均可享受保修服务,无需返回原购买地。需携带购物凭证和保修卡。","platform","ALL","ALL","faq","保修","平台政策v1.0"
"PLAT-026","保修期内维修收费吗","保修期内非人为损坏的故障,维修免费。人为损坏(进水/摔坏/拆机等)不在保修范围,需付费维修。","platform","ALL","ALL","faq","保修","平台政策v1.0"
"PLAT-027","哪些情况不在保修范围","以下情况不在保修范围:人为损坏(进水/摔坏/私自拆机)、外观磨损、消耗品(电池/数据线外皮等)、无保修凭证、超保修期。","platform","ALL","ALL","policy","保修","平台政策v1.0"
"PLAT-028","保修期内可以换新吗","保修期内同一故障维修3次仍未解决,可申请换新。换新后保修期重新计算。","platform","ALL","ALL","policy","保修","平台政策v1.0"
"PLAT-029","没有保修卡还能保修吗","平台订单可凭电子订单享受保修服务,无需保修卡。建议保留订单截图作为凭证。","platform","ALL","ALL","faq","保修","平台政策v1.0"
"PLAT-030","商品维修需要多久","一般维修周期7-15个工作日。复杂故障或需返厂的维修可能延长至30个工作日,商家会提前告知。","platform","ALL","ALL","faq","保修","平台政策v1.0"
